[{"id":1,"name":"Paloma","country":"España","abitat":"Urbana","descripcion":"bla bla bla"},{"id":2,"name":"Cigüeña","country":"España","abitat":"Seco","descripcion":"bla bla bla"},{"id":3,"name":"Alcaudón isabel","country":"España","abitat":"Seco","descripcion":"bla bla bla"},{"id":4,"name":"Ánade friso","country":"España","abitat":"Seco","descripcion":"bla bla bla"},{"id":6,"name":"Garza real","country":"España","abitat":"Seco","descripcion":"bla bla bla"},{"_id":"1e56e1ebebd344b890a797a2d9adf3de","name":"Gaviota","country":"España","abitat":"Urbana","descripcion":"bla bla bla"}]